{
    "MIN_TRAIN_ERROR_RND": 0.22080510163411718,
    "MIN_TRAIN_ERROR_STP": 0.19230769230769232,
    "MIN_TEST_ERROR_RND": 0.22541966426858512,
    "MIN_TEST_ERROR_STP": 0.2090327737809752,
    "ITERATION_RND_TRAIN": 168,
    "ITERATION_STP_TRAIN": 17,
    "ITERATION_RND_TEST": 173,
    "ITERATION_STP_TEST": 10
}