{
    "MIN_TRAIN_ERROR_RND": 0.2206058190514149,
    "MIN_TRAIN_ERROR_STP": 0.19230769230769232,
    "MIN_TEST_ERROR_RND": 0.22501998401278978,
    "MIN_TEST_ERROR_STP": 0.2090327737809752,
    "ITERATION_RND_TRAIN": 181,
    "ITERATION_STP_TRAIN": 17,
    "ITERATION_RND_TEST": 196,
    "ITERATION_STP_TEST": 10
}