{
    "MIN_TRAIN_ERROR_RND": 0.22758070944599443,
    "MIN_TRAIN_ERROR_STP": 0.19230769230769232,
    "MIN_TEST_ERROR_RND": 0.23621103117505995,
    "MIN_TEST_ERROR_STP": 0.2090327737809752,
    "ITERATION_RND_TRAIN": 196,
    "ITERATION_STP_TRAIN": 9,
    "ITERATION_RND_TEST": 180,
    "ITERATION_STP_TEST": 6
}