{
    "MIN_TRAIN_ERROR_RND": 0.22518931845356716,
    "MIN_TRAIN_ERROR_STP": 0.19230769230769232,
    "MIN_TEST_ERROR_RND": 0.2322142286171063,
    "MIN_TEST_ERROR_STP": 0.2090327737809752,
    "ITERATION_RND_TRAIN": 194,
    "ITERATION_STP_TRAIN": 15,
    "ITERATION_RND_TEST": 197,
    "ITERATION_STP_TEST": 9
}