{
    "MIN_TRAIN_ERROR_RND": 0.22538860103626943,
    "MIN_TRAIN_ERROR_STP": 0.19230769230769232,
    "MIN_TEST_ERROR_RND": 0.22621902478017586,
    "MIN_TEST_ERROR_STP": 0.2090327737809752,
    "ITERATION_RND_TRAIN": 191,
    "ITERATION_STP_TRAIN": 15,
    "ITERATION_RND_TEST": 178,
    "ITERATION_STP_TEST": 10
}